index,detected,Oval,Rectangle,Round,Square
0,True,0.01618934530886105,0.18516705146230644,0.560561779693778,0.23808182353505458
1,True,0.0955280117722639,0.2102540221457555,0.1795928625547565,0.514625103527224
2,True,0.8625324689054074,0.07039173618630427,0.03735969028563958,0.02971610462264874
3,True,0.024886682821577147,0.22131405365429932,0.331697264400804,0.42210199912331964
4,False,,,,
5,True,0.7912808845296789,0.1046047487361765,0.044465399567816886,0.059648967166327706
6,True,0.005372117656209972,0.5561274352296592,0.1714550798710326,0.26704536724309824
7,True,0.3187154759831905,0.16067745222526247,0.18943703395315345,0.3311700378383935
8,True,0.0012489911723837725,0.3821028829028954,0.5933739449362383,0.023274180988482527
9,True,0.04277003647981396,0.22069895778983906,0.3281600988521848,0.40837090687816235
10,True,0.007620828183795102,0.1249570200672667,0.4471850961328348,0.4202370556161034
11,True,0.014827348411437681,0.10855133175332812,0.5744505060273027,0.3021708138079314
12,False,,,,
13,True,0.1520052617717639,0.4117065012375093,0.16966968954266187,0.26661854744806496
14,True,0.49938987739816476,0.14011999308607673,0.15170527066653255,0.20878485884922596
15,False,,,,
16,True,0.0260923873026157,0.2670992134487221,0.3924848186181036,0.31432358063055865
17,False,,,,
18,True,0.0066358300822041815,0.09941768160668511,0.45916833926973344,0.43477814904137724
19,True,0.008968577902257472,0.20497026072678995,0.5625893666191184,0.22347179475183418
20,True,0.24640086896376973,0.22720877233273382,0.22062737320603573,0.30576298549746084
21,True,0.7137850976941134,0.08196823089452941,0.08008875071582386,0.12415792069553346
22,False,,,,
23,True,0.023476361359656524,0.18444284023351057,0.4397218031494744,0.3523589952573585
24,True,0.23846360501308136,0.1932714321349531,0.14662300017126043,0.421641962680705
25,True,0.5042888705320938,0.34646980600547256,0.07211117105854098,0.07713015240389266
26,True,0.05283642752821161,0.19334729222403663,0.3014881751065253,0.45232810514122646
27,True,0.040456100083954165,0.14399695805639623,0.29058330295870033,0.5249636389009493
28,False,,,,
29,True,0.1283045702663617,0.20571946887102494,0.36663084422593817,0.29934511663667523
30,True,0.042301109751821386,0.23736160108885226,0.29374773424212075,0.4265895549172056
31,True,0.05884144243764226,0.5441270494592677,0.32411306461856815,0.07291844348452198
32,False,,,,
33,True,0.009057987115229022,0.2170608020040637,0.45858580627463125,0.315295404606076
34,True,0.3480423461881799,0.19724006621050166,0.15708673085274077,0.29763085674857764
35,True,0.24102603584970128,0.14841485599550633,0.24615601433665035,0.36440309381814195
36,False,,,,
37,True,0.23606766840601578,0.27391259223005304,0.18632056319499316,0.3036991761689379
38,True,0.6269830675168675,0.15182198053749807,0.08896781769461938,0.13222713425101504
39,True,0.131255437381913,0.2744691933776458,0.2149676316560919,0.3793077375843493
40,False,,,,
41,True,0.0054059353000831655,0.06294015366875709,0.6229289559624718,0.308724955068688
42,True,0.06233657428688876,0.2388344268123224,0.3332132927511102,0.36561570614967864
43,False,,,,
44,True,0.01154247641259812,0.17801162349853777,0.5356577451824116,0.2747881549064526
45,False,,,,
46,True,0.01866510730309893,0.23716512004974988,0.5118822813826672,0.23228749126448395
47,True,0.008586230707144456,0.49124766341799303,0.3329873464893499,0.16717875938551263
48,True,0.007182932209585779,0.26218086984840133,0.4961007104364607,0.23453548750555214
49,True,0.023572979641258998,0.321538801798797,0.2898915468754943,0.36499667168444977
50,True,0.11695469618882837,0.21111592417528444,0.356631188342092,0.3152981912937952
51,True,0.025159204160025036,0.26465462182162963,0.39890117742557507,0.31128499659277037
52,True,0.012513206335278545,0.36547792894470416,0.4175605350977937,0.20444832962222367
53,True,0.02613928694845699,0.28047759367558783,0.33264241056776406,0.3607407088081911
54,True,0.20157985090261182,0.41885518449952397,0.20635589632753298,0.17320906827033125
55,True,0.8823645385992955,0.04808692312070339,0.018784371542301222,0.05076416673769978
56,True,0.8475215016635169,0.02938655935930023,0.042493776699559234,0.08059816227762356
57,False,,,,
58,True,0.10978549032352611,0.2326633750170033,0.37986512774690767,0.277686006912563
59,False,,,,
60,True,0.13263434603534574,0.27924277155071436,0.2827591137268952,0.3053637686870448
61,False,,,,
62,True,0.004711594832113006,0.11605832907225501,0.5086113174783897,0.3706187586172423
63,True,0.03025001314737931,0.1334952333639628,0.5027454577893358,0.33350929569932203
64,False,,,,
65,True,0.03901372752339123,0.1089595361022494,0.4511272595333286,0.4008994768410308
66,True,0.021281572871991308,0.16470929803304563,0.5048479006916413,0.3091612284033217
67,True,0.019307307635477115,0.7046005581706803,0.17314404703472105,0.10294808715912138
68,False,,,,
69,True,0.16705871447483958,0.36937425354294295,0.1775521242391417,0.28601490774307575
70,True,0.12447480751676555,0.22069169733176672,0.3450685149887954,0.3097649801626724
71,True,0.01118243776401925,0.13268458984082265,0.4208970245801416,0.43523594781501657
72,True,0.041245142698181164,0.23144143834252226,0.4135083533048817,0.3138050656544148
73,True,0.03440404168534403,0.20406993470244433,0.5782439441645468,0.18328207944766486
74,True,0.11200034035015922,0.2282081828869983,0.30643967949590983,0.3533517972669326
75,True,0.07652112905905155,0.10527855302022346,0.38788555607188513,0.4303147618488397
76,False,,,,
77,True,0.09786914464734504,0.14610377284872875,0.3955013295823179,0.3605257529216083
78,False,,,,
79,True,0.03801174771976525,0.23485124214896655,0.446442167681663,0.28069484244960524
80,False,,,,
81,True,0.0063262977341665945,0.09505583915707788,0.6041213986028177,0.29449646450593797
82,False,,,,
83,True,0.26457660048131343,0.259637651210688,0.22467759966492956,0.25110814864306913
84,False,,,,
85,True,0.013073654627815302,0.18970938191516662,0.5295910458706836,0.26762591758633447
86,False,,,,
87,True,0.9009762828544247,0.04350474722678351,0.014942021829083219,0.0405769480897087
88,True,0.018917556320110367,0.20049481148492784,0.26912189653961954,0.5114657356553423
89,True,0.009718841961134515,0.3353857449865368,0.45288213293789686,0.20201328011443181
90,True,0.412712219788376,0.23028921300606264,0.14775352636583658,0.20924504083972464
91,True,0.05970812212609222,0.19419644897902102,0.4406217378724966,0.30547369102239014
92,True,0.04974651204450132,0.19765540578185217,0.28482839078546585,0.4677696913881808
93,True,0.028483746273748056,0.42385877789144133,0.3626579365862897,0.18499953924852092
94,True,0.0021153056922377216,0.32065679660897334,0.6420231496827056,0.035204748016083295
95,True,0.015982388965707278,0.19056796497434636,0.5382002721832779,0.2552493738766685
96,False,,,,
97,True,0.376687932143109,0.14188840366546138,0.25393113318316024,0.22749253100826944
98,True,0.013022223974763459,0.60400895136636,0.3392358058944311,0.04373301876444559
99,True,0.006902247480985852,0.44838877713619435,0.371283365444702,0.17342560993811784
100,False,,,,
101,True,0.045814229350570425,0.2091679621361427,0.46775032369675423,0.2772674848165327
102,True,0.06731649350354164,0.48787003902008375,0.24039193120882388,0.2044215362675508
103,True,0.3418946507061631,0.27024007351143603,0.1757235134448905,0.21214176233751042
104,True,0.0176272032458812,0.2544383999674529,0.3349407279942027,0.3929936687924633
105,True,0.4637913355810706,0.17230932183204475,0.18630597750383002,0.1775933650830546
106,True,0.03203846356678848,0.21284826003690058,0.3769794626263537,0.37813381376995725
107,True,0.002553127154652137,0.1217605751356988,0.6195508687751783,0.25613542893447083
108,True,0.006448725801190893,0.5169218751453841,0.3286190277116089,0.14801037134181616
109,True,0.3929867048359972,0.07976532384003784,0.1518267257995516,0.37542124552441347
110,False,,,,
111,True,0.11649371517455204,0.2011889847617561,0.3529913742178181,0.32932592584587367
112,True,0.015674750797810555,0.6093690797601473,0.13190630969262523,0.243049859749417
113,True,0.03138182587326124,0.21719835276404154,0.393927846338072,0.3574919750246252
114,True,0.017848230796774524,0.19265225927143537,0.5193479400578491,0.27015156987394096
115,True,0.31757342506991315,0.15779797969460044,0.24371375356167801,0.2809148416738084
116,False,,,,
117,True,0.14749370003307286,0.14444014875284272,0.43040169964649555,0.27766445156758895
118,False,,,,
119,True,0.23884382751214592,0.49681412815265313,0.1053472704271764,0.15899477390802458
120,True,0.005396447498658151,0.6057459785347218,0.24344303806766285,0.14541453589895717
121,False,,,,
122,True,0.055180227631916184,0.4292761828540423,0.29784176547530333,0.2177018240387382
123,True,0.02495724270085675,0.20713106102951945,0.47605012714849054,0.29186156912113337
124,True,0.009128887548979846,0.14970502107610853,0.4977594826147388,0.3434066087601728
125,True,0.2591319796276364,0.341914955592869,0.11496580814681508,0.2839872566326794
126,False,,,,
127,True,0.043516832555158855,0.3080677572766359,0.3833221560053621,0.2650932541628431
128,True,0.001976529884225673,0.6454364376407986,0.20157976782739606,0.15100726464757955
129,True,0.02251217822287108,0.6653836656494994,0.24250623097815116,0.06959792514947859
130,True,0.06591895267807606,0.2779117773114429,0.2935817349122348,0.36258753509824626
131,False,,,,
132,True,0.007966506284235819,0.09380161673341424,0.55041811482536,0.34781376215699
133,True,0.4722501588432922,0.2658689291647969,0.11305845046051216,0.14882246153139866
134,True,0.23493353659203292,0.3869520556524267,0.20335753197215836,0.17475687578338203
135,True,0.12978602630715858,0.22899208745200159,0.3048841319699772,0.3363377542708626
136,True,0.08596463651403308,0.12175857293869984,0.41653253398052903,0.3757442565667381
137,True,0.018525355143369893,0.09985058766576635,0.47300766097336705,0.40861639621749674
138,True,0.028304467894166015,0.5516402886670447,0.33024687994342233,0.08980836349536692
139,False,,,,
140,True,0.010654625014403098,0.2510292505648024,0.5406922079890857,0.1976239164317087
141,True,0.16037329937370629,0.37520512130707123,0.19810096726005494,0.26632061205916757
142,True,0.015344877117029499,0.19640292859323258,0.4905200685667348,0.2977321257230031
143,True,0.2874608063405231,0.24421733730220194,0.210989830759666,0.2573320255976089
144,False,,,,
145,True,0.014173946602520446,0.1358215276725789,0.578740407322528,0.2712641184023728
146,True,0.05003785810292882,0.14121068634523667,0.2310626501100796,0.5776888054417548
147,True,0.08183672555992533,0.33432130050598935,0.24715673574624966,0.3366852381878358
148,True,0.10559115145752533,0.3713778056262929,0.29239869627197357,0.23063234664420826
149,True,0.003981462910806864,0.5340569195841811,0.4223748819088987,0.03958673559611334
150,True,0.9154051787809732,0.027922591806914452,0.01920431921628366,0.037467910195828735
151,True,0.18865786491253936,0.26876530381198815,0.25288165435665505,0.28969517691881747
152,True,0.345313237306029,0.2793846471897651,0.15766593432911052,0.21763618117509526
153,False,,,,
154,True,0.3602849009120277,0.3019980812735773,0.1805428980991141,0.15717411971528092
155,True,0.015619983543895875,0.17615319661009948,0.5426566218504195,0.26557019799558507
156,True,0.010932599742910571,0.3060233468870256,0.43425996651361387,0.24878408685645
157,True,0.9707221428261313,0.011127890265230667,0.004370852587686208,0.013779114320951804
158,False,,,,
159,True,0.024767796626302904,0.3960511070047633,0.36878490204184255,0.21039619432709114
160,False,,,,
161,True,0.007017189403289711,0.1874899122860412,0.49622689446933,0.30926600384133907
162,True,0.8381793620744349,0.03278382592052862,0.037116663452814336,0.09192014855222215
163,True,0.012767573882264342,0.22217289394698247,0.535400920014518,0.22965861215623512
164,True,0.12960807451177084,0.3401124833911007,0.20647576058422093,0.32380368151290767
165,True,0.05953489926462486,0.5177981333743576,0.2878823820390658,0.13478458532195173
166,True,0.17590245385297137,0.3095705672065585,0.24558357367770145,0.26894340526276855
167,False,,,,
168,True,0.010883248881899494,0.10596405214220495,0.5054451609670764,0.37770753800881907
169,True,0.3865251743493668,0.10515759994014483,0.1683924840291359,0.3399247416813524
170,True,0.045152737546772626,0.15245807688448673,0.370198561354161,0.4321906242145797
171,True,0.044691328663615824,0.4028908031914188,0.39478288498122477,0.15763498316374072
172,True,0.0008995024218932484,0.5545128024578672,0.4290607196589037,0.015526975461335819
173,True,0.049560563140663406,0.27995765623781854,0.31949205532819164,0.35098972529332645
174,False,,,,
175,True,0.9638356497661442,0.013186092722781402,0.005363001285703158,0.01761525622537115
176,True,0.0029290543756748835,0.47336481557205784,0.47346193009093446,0.05024419996133286
177,True,0.06460068532901203,0.19511439819820114,0.4984743147887131,0.24181060168407364
178,False,,,,
179,True,0.26195272114661633,0.2543991247047158,0.21971153742405639,0.2639366167246115
180,True,0.20635631157260562,0.22297303111686764,0.24205330660573737,0.32861735070478937
181,True,0.019467806336150355,0.39308058972120663,0.3780170316676975,0.20943457227494547
182,False,,,,
183,True,0.11736062034802827,0.12824123281226324,0.38084475259878176,0.37355339424092665
184,False,,,,
